{"BAMToggleActive":true,"BAMVariantTiles":false,"BAMInstantDrop":false,"BAMRequireMana":false,"BAMSyncTiles":false,"BAMTileLimit":200.0,"BAMChainRange":4.0,"BAMActiveCooldown":20.0,"BAMWhitelist":[{"Mod":"Terraria","Name":"CopperOre","DisplayName":"Copper Ore","IsUnloaded":false},{"Mod":"Terraria","Name":"TinOre","DisplayName":"Tin Ore","IsUnloaded":false},{"Mod":"Terraria","Name":"IronOre","DisplayName":"Iron Ore","IsUnloaded":false},{"Mod":"Terraria","Name":"LeadOre","DisplayName":"Lead Ore","IsUnloaded":false},{"Mod":"Terraria","Name":"SilverOre","DisplayName":"Silver Ore","IsUnloaded":false},{"Mod":"Terraria","Name":"TungstenOre","DisplayName":"Tungsten Ore","IsUnloaded":false},{"Mod":"Terraria","Name":"GoldOre","DisplayName":"Gold Ore","IsUnloaded":false},{"Mod":"Terraria","Name":"PlatinumOre","DisplayName":"Platinum Ore","IsUnloaded":false},{"Mod":"Terraria","Name":"DemoniteOre","DisplayName":"Demonite Ore","IsUnloaded":false},{"Mod":"Terraria","Name":"CrimtaneOre","DisplayName":"Crimtane Ore","IsUnloaded":false},{"Mod":"Terraria","Name":"Meteorite","DisplayName":"Meteorite","IsUnloaded":false},{"Mod":"Terraria","Name":"Hellstone","DisplayName":"Hellstone","IsUnloaded":false},{"Mod":"Terraria","Name":"PalladiumOre","DisplayName":"Palladium Ore","IsUnloaded":false},{"Mod":"Terraria","Name":"CobaltOre","DisplayName":"Cobalt Ore","IsUnloaded":false},{"Mod":"Terraria","Name":"MythrilOre","DisplayName":"Mythril Ore","IsUnloaded":false},{"Mod":"Terraria","Name":"OrichalcumOre","DisplayName":"Orichalcum Ore","IsUnloaded":false},{"Mod":"Terraria","Name":"TitaniumOre","DisplayName":"Titanium Ore","IsUnloaded":false},{"Mod":"Terraria","Name":"AdamantiteOre","DisplayName":"Adamantite Ore","IsUnloaded":false},{"Mod":"Terraria","Name":"ChlorophyteOre","DisplayName":"Chlorophyte Ore","IsUnloaded":false},{"Mod":"Terraria","Name":"LunarOre","DisplayName":"Luminite","IsUnloaded":false},{"Mod":"Terraria","Name":"DesertFossil","DisplayName":"Desert Fossil","IsUnloaded":false},{"Mod":"Terraria","Name":"SiltBlock","DisplayName":"Silt Block","IsUnloaded":false},{"Mod":"Terraria","Name":"SlushBlock","DisplayName":"Slush Block","IsUnloaded":false},{"Mod":"Terraria","Name":"AmethystStoneBlock","DisplayName":"Amethyst Stone Block","IsUnloaded":false},{"Mod":"Terraria","Name":"TopazStoneBlock","DisplayName":"Topaz Stone Block","IsUnloaded":false},{"Mod":"Terraria","Name":"SapphireStoneBlock","DisplayName":"Sapphire Stone Block","IsUnloaded":false},{"Mod":"Terraria","Name":"EmeraldStoneBlock","DisplayName":"Emerald Stone Block","IsUnloaded":false},{"Mod":"Terraria","Name":"RubyStoneBlock","DisplayName":"Ruby Stone Block","IsUnloaded":false},{"Mod":"Terraria","Name":"AmberStoneBlock","DisplayName":"Amber Stone Block","IsUnloaded":false},{"Mod":"Terraria","Name":"DiamondStoneBlock","DisplayName":"Diamond Stone Block","IsUnloaded":false},{"Mod":"Terraria","Name":"Amethyst","DisplayName":"Amethyst","IsUnloaded":false},{"Mod":"Terraria","Name":"Topaz","DisplayName":"Topaz","IsUnloaded":false},{"Mod":"Terraria","Name":"Sapphire","DisplayName":"Sapphire","IsUnloaded":false},{"Mod":"Terraria","Name":"Emerald","DisplayName":"Emerald","IsUnloaded":false},{"Mod":"Terraria","Name":"Ruby","DisplayName":"Ruby","IsUnloaded":false},{"Mod":"Terraria","Name":"Amber","DisplayName":"Amber","IsUnloaded":false},{"Mod":"Terraria","Name":"Diamond","DisplayName":"Diamond","IsUnloaded":false},{"Mod":"CalamityMod","Name":"AerialiteOre","DisplayName":"","IsUnloaded":false},{"Mod":"CalamityMod","Name":"AerialiteOreDisenchanted","DisplayName":"","IsUnloaded":false},{"Mod":"CalamityMod","Name":"AstralOre","DisplayName":"","IsUnloaded":false},{"Mod":"CalamityMod","Name":"AuricOre","DisplayName":"","IsUnloaded":false},{"Mod":"CalamityMod","Name":"CryonicOre","DisplayName":"","IsUnloaded":false},{"Mod":"CalamityMod","Name":"ExodiumCluster","DisplayName":"","IsUnloaded":false},{"Mod":"CalamityMod","Name":"HallowedOre","DisplayName":"","IsUnloaded":false},{"Mod":"CalamityMod","Name":"PerennialOre","DisplayName":"","IsUnloaded":false},{"Mod":"CalamityMod","Name":"ScoriaOre","DisplayName":"","IsUnloaded":false},{"Mod":"CalamityMod","Name":"UelibloomOre","DisplayName":"","IsUnloaded":false},{"Mod":"CalamityMod","Name":"SeaPrism","DisplayName":"","IsUnloaded":false},{"Mod":"CalamityMod","Name":"SeaPrismBrick","DisplayName":"","IsUnloaded":false},{"Mod":"CalRemix","Name":"LifeOre","DisplayName":"","IsUnloaded":false},{"Mod":"ThoriumMod","Name":"IllumiteChunk","DisplayName":"","IsUnloaded":false},{"Mod":"ThoriumMod","Name":"LodeStoneChunk","DisplayName":"","IsUnloaded":false},{"Mod":"ThoriumMod","Name":"MossyGoldOre","DisplayName":"","IsUnloaded":false},{"Mod":"ThoriumMod","Name":"MossyPlatinumOre","DisplayName":"","IsUnloaded":false},{"Mod":"ThoriumMod","Name":"ThoriumOre","DisplayName":"","IsUnloaded":false},{"Mod":"ThoriumMod","Name":"ValadiumChunk","DisplayName":"","IsUnloaded":false},{"Mod":"Infernus","Name":"Ore","DisplayName":"","IsUnloaded":false},{"Mod":"CalamityMod","Name":"InfernalSuevite","DisplayName":"","IsUnloaded":false},{"Mod":"ThoriumMod","Name":"SmoothCoal","DisplayName":"","IsUnloaded":false},{"Mod":"ThoriumMod","Name":"Aquaite","DisplayName":"","IsUnloaded":false},{"Mod":"ThoriumMod","Name":"LifeQuartz","DisplayName":"","IsUnloaded":false},{"Mod":"CalRemix","Name":"CosmiliteSlag","DisplayName":"","IsUnloaded":false},{"Mod":"CalRemix","Name":"ArsenicOre","DisplayName":"","IsUnloaded":false}],"BAMDebugMode":false,"BAMServerAuth":true}