{
  "showCursorTooltips": false,
  "doSpecials": false,
  "tileWhitelist": [
    "Terraria:Iron",
    "Terraria:Copper",
    "Terraria:Gold",
    "Terraria:Silver",
    "Terraria:Demonite",
    "Terraria:Meteorite",
    "Terraria:ClayBlock",
    "Terraria:Obsidian",
    "Terraria:Hellstone",
    "Terraria:Sapphire",
    "Terraria:Ruby",
    "Terraria:Emerald",
    "Terraria:Topaz",
    "Terraria:Amethyst",
    "Terraria:Diamond",
    "Terraria:Cobalt",
    "Terraria:Mythril",
    "Terraria:Adamantite",
    "Terraria:Silt",
    "Terraria:BreakableIce",
    "Terraria:Tin",
    "Terraria:Lead",
    "Terraria:Tungsten",
    "Terraria:Platinum",
    "Terraria:ExposedGems",
    "Terraria:Crimtane",
    "Terraria:Chlorophyte",
    "Terraria:Palladium",
    "Terraria:Orichalcum",
    "Terraria:Titanium",
    "Terraria:Slush",
    "Terraria:DesertFossil",
    "Terraria:FossilOre",
    "Terraria:LunarOre",
    "Terraria:CrackedBlueDungeonBrick",
    "Terraria:CrackedGreenDungeonBrick",
    "Terraria:CrackedPinkDungeonBrick",
    "Terraria:Spikes",
    "CalamityMod:AerialiteOre",
    "CalamityMod:AerialiteOreDisenchanted",
    "CalamityMod:AstralOre",
    "CalamityMod:AuricOre",
    "CalamityMod:CryonicOre",
    "CalamityMod:ExodiumOre",
    "CalamityMod:HallowedOre",
    "CalamityMod:InfernalSuevite",
    "CalamityMod:PerennialOre",
    "CalamityMod:ScoriaOre",
    "CalamityMod:UelibloomOre",
    "CalamityMod:SeaPrism",
    "CalamityMod:SeaPrismCrystals",
    "CalRemix:LifeOreTile",
    "Infernus:Ore",
    "ThoriumMod:Aquaite",
    "ThoriumMod:AquaiteBare",
    "ThoriumMod:IllumiteChunk",
    "ThoriumMod:LifeQuartz",
    "ThoriumMod:LodeStone",
    "ThoriumMod:SmoothCoal",
    "ThoriumMod:SynthGold",
    "ThoriumMod:SynthPlatinum",
    "ThoriumMod:ThoriumOre",
    "ThoriumMod:ValadiumChunk",
    "ThoriumMod:Opal",
    "ThoriumMod:Aquamarine",
    "CalamityMod:ChaoticOre",
    "CalamityMod:CharredOre",
    "Terraria:Banners:46"
  ],
  "itemWhitelist": [
    "Terraria:PlatinumOre",
    "ThoriumMod:SmoothCoal",
    "CalamityMod:AuricOre"
  ],
  "modVersions": {
    "CalamityMod": "2.0.3.9",
    "CalRemix": "1.2.4",
    "Infernus": "1.6.5",
    "ThoriumMod": "1.7.1.6"
  }
}